Function and Subfunction,1976,TQ,1977,1978,1979,1980,1981,1982,1983,1984,1985,1986,1987,1988,1989,1990,1991,1992,1993,1994,1995,1996,1997,1998,1999,2000,2001,2002,2003,2004,2005,2006,2007,2008,2009,2010,2011,2012,2013,2014,2015,2016 estimate,2017 estimate,2018 estimate,2019 estimate,2020 estimate,2021 estimate
050 National Defense:,,,,,,,,,,,,,,,,,,,,,,,,,,,,,,,,,,,,,,,,,,,,,,,
051 Department of Defense-Military:,,,,,,,,,,,,,,,,,,,,,,,,,,,,,,,,,,,,,,,,,,,,,,,
Military Personnel,"32,912","8,495","34,075","35,724","37,641","41,069","48,462","55,704","61,050","64,866","67,773","67,794","74,010","76,584","78,477","78,876","84,213","81,221","75,974","71,365","71,557","69,776","70,341","69,822","70,649","73,838","76,889","86,956","109,060","116,112","121,279","128,485","131,754","139,031","149,290","157,102","158,389","158,352","153,531","150,188","145,858","145,426","146,389",N/A,N/A,N/A,N/A
Operation and Maintenance,"28,731","7,591","32,108","34,734","38,042","46,386","55,479","62,461","66,500","70,912","77,800","74,883","79,566","81,589","86,179","88,361","117,176","93,668","89,100","88,577","93,690","93,609","92,298","97,150","104,911","108,724","125,187","133,212","178,318","189,759","179,210","213,534","240,243","256,217","271,562","293,632","305,237","286,775","258,277","262,459","246,575","245,354","251,842",N/A,N/A,N/A,N/A
Procurement,"20,991","4,135","27,922","29,529","31,428","35,283","48,025","64,462","80,355","86,161","96,841","92,506","80,231","80,053","79,390","81,375","71,739","62,952","52,787","44,141","43,646","42,589","42,961","44,818","51,113","54,972","62,608","62,739","78,495","83,073","96,613","105,370","133,776","164,992","135,439","135,822","131,899","118,321","97,757","100,412","102,108","118,941","112,248",N/A,N/A,N/A,N/A
"Research, Development, Test, and Evaluation","9,451","2,406","10,439","11,371","12,437","13,561","16,609","20,060","22,794","26,864","31,323","33,605","35,639","36,517","37,526","36,455","36,189","36,619","37,761","34,563","34,517","34,968","36,400","37,086","38,286","38,704","41,591","48,713","58,103","64,643","68,826","72,855","77,549","79,568","80,004","80,232","76,688","72,033","63,347","63,483","63,872","69,275","72,128",N/A,N/A,N/A,N/A
Military Construction,"2,360",76,"2,204","1,641","2,319","2,293","3,380","4,916","4,512","4,510","5,517","5,281","5,093","5,349","5,738","5,130","5,188","5,254","4,554","6,009","5,428","6,891","5,718","5,463","5,406","5,107","5,424","6,631","6,706","6,135","7,260","9,530","13,974","22,064","26,814","22,578","15,991","11,368","8,069","8,394","5,654","6,910","6,297",N/A,N/A,N/A,N/A
Family Housing,"1,229",278,"1,258","1,346","1,563","1,526","2,004","2,203","2,712","2,669","2,890","2,803","3,075","3,199","3,276","3,143","3,296","3,738","3,941","3,501","3,392","4,259","4,132","3,829","3,591","3,544","3,682","4,048","4,181","3,827","4,101","4,427","4,005","2,917","3,853","2,268","1,832","1,690","1,483","1,416","1,140","1,264","1,319",N/A,N/A,N/A,N/A
Other,-170,-55,-99,186,166,533,"2,141","1,680",912,"2,127","4,645","4,525","1,802",418,200,-403,"-41,663","-1,382","3,010","3,138","3,428","2,433","6,094",82,"4,448","5,419","3,270","2,579","2,817","7,370","6,557","-1,299","1,649","9,902",552,"4,012","1,435","6,858","2,775","9,371","5,654",-79,355,N/A,N/A,N/A,N/A
"051 Subtotal, Department of Defense-Military","95,503","22,925","107,906","114,531","123,595","140,651","176,100","211,486","238,834","258,108","286,789","281,398","279,417","283,710","290,785","292,936","276,140","282,070","267,126","251,294","255,658","254,525","257,944","258,250","278,404","290,308","318,651","344,878","437,680","470,919","483,846","532,902","602,950","674,691","667,514","695,646","691,471","655,397","585,239","595,723","570,861","587,091","590,578","564,690","572,862","578,203","593,130"
053 Atomic energy defense activities,"1,682",459,"2,089","2,514","2,668","2,991","3,651","4,737","5,718","6,555","7,325","7,287","7,478","7,749","8,100","9,656","11,571","11,972","12,051","10,890","10,098","10,690","11,348","11,697","12,440","12,420","14,298","15,225","16,339","16,802","17,865","17,433","17,181","16,630","22,985","18,228","18,529","18,305","17,485","18,404","19,018","20,001","20,490","19,600","20,217","20,611","21,119"
054 Defense-related activities,146,31,156,182,204,217,251,323,491,494,537,460,529,548,677,661,"1,161","1,023","1,897","1,135",630,966,"1,071","1,089","1,392","1,276","1,756","1,904","1,964","2,805","4,029","5,931","5,692","4,912","7,063","7,314","7,035","7,721","7,433","8,157","8,530","8,304","8,398","9,872","9,276","9,393","9,611"
"Total, National Defense","97,331","23,416","110,150","117,227","126,467","143,859","180,001","216,547","245,043","265,157","294,651","289,144","287,424","292,007","299,563","303,253","288,872","295,066","281,075","263,319","266,386","266,181","270,363","271,036","292,236","304,004","334,705","362,007","455,983","490,526","505,740","556,266","625,823","696,233","697,562","721,188","717,035","681,423","610,157","622,284","598,409","615,396","619,466","594,162","602,355","608,207","623,860"
150 International Affairs:,,,,,,,,,,,,,,,,,,,,,,,,,,,,,,,,,,,,,,,,,,,,,,,
151 International development and humanitarian assistance,"3,076",319,"3,550","4,183","5,084","5,264","4,420","4,474","4,711","5,069","6,496","4,759","4,902","5,022","5,295","5,695","6,777","6,654","6,989","7,698","7,660","6,084","5,954","7,174","8,974","6,739","8,124","7,712","15,108","30,495","13,449","14,533","16,269","17,652","25,262","25,222","21,658","22,312","23,625","23,759","26,152","25,626","24,600","28,275","28,819","29,423","30,045"
152 International security assistance,"3,712",589,"3,954","4,577","5,772","5,066","5,068","6,863","8,142","8,943","13,730","9,543","8,213","8,598","7,666","8,393","9,061","6,682","5,491","4,531","4,626","5,038","5,159","5,372","5,869","7,763","6,659","6,927","10,058","7,680","8,502","9,067","10,581","10,549","11,162","14,095","12,466","14,124","12,598","11,650","12,246","11,896","12,761","7,927","8,094","8,259","8,442"
153 Conduct of foreign affairs,782,362,"1,054","1,241","1,318","1,343","1,465","1,688","1,830","2,011","2,496","2,988","2,580","2,628","2,773","2,928","3,236","4,048","4,300","4,617","4,060","3,825","3,890","3,842","5,889","5,614","6,411","7,213","7,208","8,437","9,703","9,827","9,537","12,073","14,352","15,820","14,029","16,298","15,118","13,825","14,234","14,767","15,218","10,310","10,516","10,722","10,941"
154 Foreign information and exchange activities,423,103,400,451,506,518,555,587,688,805,947,969,"1,029","1,054","1,126","1,315","1,242","1,302","1,247","1,494","1,420","1,130","1,117","1,223","1,209",770,898,969,"1,006",999,"1,087","1,261","1,266","1,256","1,431","1,580","1,552","1,546","1,445","1,489","1,515","1,553","1,541","1,573","1,603","1,636","1,668"
155 International financial programs,"6,063","-1,043",-744,"1,124","-2,298","5,761","15,844","4,612","-4,632","7,718","2,776","-1,607","1,997",-123,390,473,"2,369","2,523","14,275",-647,"7,855",310,"-1,549","-2,897","15,930","1,756","-1,930","2,287","-1,691","-2,476",106,"-1,976","30,727","6,380","11,169","3,878","3,884","39,059","-12,233","6,766","9,111","5,523","4,009","-11,433","-9,598","-7,205","-5,209"
"Total, International Affairs","14,057",331,"8,214","11,575","10,382","17,952","27,352","18,224","10,739","24,547","26,446","16,652","18,721","17,179","17,250","18,805","22,685","21,209","32,303","17,693","25,621","16,387","14,571","14,714","37,871","22,642","20,162","25,108","31,689","45,135","32,847","32,712","68,380","47,910","63,376","60,595","53,589","93,339","40,553","57,489","63,258","59,365","58,129","36,652","39,434","42,835","45,887"
"250 General Science, Space, and Technology:",,,,,,,,,,,,,,,,,,,,,,,,,,,,,,,,,,,,,,,,,,,,,,,
251 General science and basic research,"1,039",246,"1,136","1,274","1,347","1,460","1,535","1,535","1,637","1,957","2,223","2,107","2,324","2,521","2,835","3,167","3,454","4,105","4,149","4,558","4,132","4,121","4,184","5,627","6,356","6,707","7,662","8,077","8,626","9,046","9,086","9,260","9,799","10,213","15,969","11,860","11,740","12,027","11,614","12,362","12,552","12,842","13,674","13,937","14,215","14,497","14,784"
"252 Space flight, research, and supporting activities","3,227",850,"3,498","3,807","4,223","4,790","5,108","5,684","6,517","6,858","6,925","7,165","10,198","8,322","10,097","11,460","13,046","13,199","13,063","13,022","12,543","12,570","12,456","12,321","12,460","12,541","13,327","13,901","14,386","14,321","15,243","15,765","15,581","16,580","18,134","18,228","17,913","17,200","16,350","17,081","17,370","18,646","18,235","17,980","18,341","18,706","19,082"
"Total, General Science, Space, and Technology","4,266","1,095","4,634","5,081","5,570","6,250","6,643","7,218","8,155","8,815","9,148","9,272","12,522","10,843","12,932","14,627","16,500","17,304","17,212","17,580","16,675","16,691","16,640","17,948","18,816","19,248","20,989","21,978","23,012","23,367","24,329","25,025","25,380","26,793","34,103","30,088","29,653","29,227","27,964","29,443","29,922","31,488","31,909","31,917","32,556","33,203","33,866"
270 Energy:,,,,,,,,,,,,,,,,,,,,,,,,,,,,,,,,,,,,,,,,,,,,,,,
271 Energy supply,"14,008",993,"4,934","6,123","5,448","40,640","7,165","7,856","7,046","5,348","5,511","4,745","2,280","3,807","2,789","3,394","4,220","4,789","7,404","3,386","3,757","1,777",978,-739,-36,"-2,302","-1,100",-958,-732,"1,864",-98,-948,-803,"2,218","18,216","5,776","5,908","7,739","7,747","6,350","4,538","6,138","5,646","4,455","4,246","6,089","7,114"
272 Energy conservation,79,39,242,527,611,738,700,168,449,455,472,426,234,310,314,366,461,511,561,669,715,533,533,584,619,737,807,896,881,868,859,781,828,"1,233","23,678","1,105",232,-183,96,"1,043","1,142","1,219","2,528","2,921","3,371","3,888","4,478"
274 Emergency energy preparedness,431,48,445,"3,175","3,008","-2,000","2,791","3,875","2,316","1,268","2,056",113,153,609,422,571,336,282,60,216,144,..........,-11,208,160,158,149,179,180,176,175,155,169,199,215,255,135,-297,100,"-2,546",202,220,264,-6,-11,-11,-9
"276 Energy information, policy, and regulation",651,179,711,841,777,943,"1,098",871,871,780,642,717,721,620,537,595,369,513,240,454,411,330,195,243,236,222,261,282,245,295,373,316,460,578,696,601,437,486,502,586,512,530,532,542,548,546,555
"Total, Energy","15,169","1,259","6,332","10,665","9,843","40,320","11,753","12,770","10,683","7,851","8,681","6,002","3,388","5,347","4,061","4,925","5,386","6,095","8,264","4,725","5,027","2,640","1,695",296,979,"-1,185",117,399,574,"3,203","1,309",304,654,"4,228","42,805","7,737","6,712","7,745","8,445","5,433","6,394","8,107","8,970","7,912","8,154","10,512","12,138"
300 Natural Resources and Environment:,,,,,,,,,,,,,,,,,,,,,,,,,,,,,,,,,,,,,,,,,,,,,,,
301 Water resources,"3,036","1,079","3,635","3,781","3,577","4,085","4,079","3,913","4,608","3,781","4,087","3,678","4,107","4,295","4,312","4,332","4,370","4,768","4,801","5,253","4,128","4,172","5,157","5,053","4,710","4,800","5,362","5,883","5,653","5,632","7,003","13,309","7,971","10,912","19,065","6,813","6,146","7,939","11,087","7,059","6,753","7,268","5,635","5,735","5,841","6,239","6,207"
302 Conservation and land management,714,137,"1,051","1,742","1,504","1,572","1,631","1,154","2,199","1,749","1,852","1,776","2,152","3,062","4,178","4,362","4,593","5,411","5,535","5,860","5,975","5,980","6,079","6,259","6,485","6,604","8,858","9,797","10,638","10,846","9,727","8,585","9,343","9,587","12,075","11,933","10,926","10,505","10,639","11,594","9,470","13,821","14,976","14,931","15,058","15,195","15,452"
303 Recreational resources,706,146,"1,032","1,546","1,507","1,373",986,968,"1,265","1,086","1,156","1,099","1,245","1,229","1,409","1,804","1,794","1,921","1,835","1,949","1,964","2,095","2,238","2,955","2,472","2,719","2,930","3,022","2,903","2,969","3,009","3,010","3,109","3,352","4,226","3,809","3,550","3,476","3,824","3,848","3,919","4,098","4,886","5,718","5,748","5,400","5,495"
304 Pollution control and abatement,684,168,"2,691","5,376","5,306","4,672","2,982","3,645","3,677","4,037","4,303","3,399","5,296","4,932","5,068","5,545","6,151","6,595","6,908","6,584","5,874","6,431","6,627","7,192","7,422","7,483","7,740","7,995","8,072","8,545","8,103","7,777","7,690","7,547","14,955","10,473","8,548","8,647","8,499","8,343","8,113","8,218","8,655","8,663","8,836","9,018","9,193"
306 Other natural resources,916,243,"1,080","1,206","1,357","1,395","1,494","1,583","1,547","1,622","1,934","1,761","1,770","1,852","2,005","2,077","2,309","2,571","2,542","2,933","2,978","2,814","2,822","2,885","3,314","3,397","4,067","4,401","4,505","4,853","5,158","5,382","5,619","5,758","7,071","6,629","6,186","6,392","6,989","6,877","7,420","7,736","8,015","8,067","8,227","8,290","8,503"
"Total, Natural Resources and Environment","6,055","1,773","9,489","13,651","13,251","13,096","11,171","11,263","13,297","12,276","13,332","11,713","14,570","15,370","16,973","18,121","19,216","21,266","21,621","22,578","20,919","21,492","22,923","24,344","24,403","25,003","28,957","31,098","31,771","32,845","33,000","38,063","33,732","37,156","57,392","39,657","35,356","36,959","41,038","37,721","35,675","41,141","42,167","43,114","43,710","44,142","44,850"
350 Agriculture:,,,,,,,,,,,,,,,,,,,,,,,,,,,,,,,,,,,,,,,,,,,,,,,
351 Farm income stabilization,"3,833",463,"2,601","4,977","13,294","8,894","11,864","22,571","33,440","9,895","25,512","28,015","23,344","16,267","18,878","12,144","14,564","19,486","16,299","14,145","5,779","6,893","8,584","9,842","21,026","30,224","24,988","19,494","20,026","28,426","24,631","20,887","18,299","12,835","19,155","14,227","17,003","16,217","23,144","19,556","11,186","28,323","20,063","15,907","14,793","16,740","18,229"
352 Agricultural research and services,927,234,"1,028","1,161","1,335","1,333","1,473","1,505","1,607","1,753","1,818","1,741","1,910","1,973","2,006","2,117","2,379","2,607","2,540","2,666","2,650","2,602","2,724","2,740","2,907","3,304","3,898","4,064","4,611","4,303","4,604","4,737","4,485","4,614","4,981","5,620","4,507","4,643","4,292","4,905","5,756","5,066","5,422","5,589","5,574","5,682","5,786"
"Total, Agriculture","4,760",697,"3,629","6,139","14,630","10,227","13,336","24,075","35,048","11,648","27,330","29,756","25,254","18,241","20,884","14,261","16,943","22,093","18,838","16,811","8,429","9,495","11,308","12,582","23,933","33,528","28,886","23,558","24,637","32,729","29,235","25,624","22,784","17,449","24,136","19,847","21,510","20,860","27,436","24,461","16,942","33,389","25,485","21,496","20,367","22,422","24,015"
370 Commerce and Housing Credit:,,,,,,,,,,,,,,,,,,,,,,,,,,,,,,,,,,,,,,,,,,,,,,,
371 Mortgage credit,"9,737",468,"5,149","5,338","6,409","9,962","9,208","9,188","7,227","8,349","6,881","3,666","3,449","8,361","6,614","9,847","7,816","4,514","2,302","1,486","1,350","1,017",148,"-1,465",792,"1,000","1,937",-384,-286,17,-490,207,"-2,629","198,423","197,364","-22,500","-5,043","-28,078","-38,596","-76,003","-22,592","-14,574","-22,260","-21,309","-19,294","-18,797","-17,610"
372 Postal service,"1,708",934,"2,266","1,787","1,785","1,677","1,343",707,989,"1,798","2,639","2,504","2,944","1,458","2,046","3,573","3,812","2,709","2,400","2,863","2,684","3,563","3,851","6,445","5,636","3,812","4,332","3,754","5,462","2,117","1,573","3,797",645,"4,186","5,296",-681,"1,097","2,329",74,75,100,286,"-2,452","-2,164","-2,405","-2,140","-2,273"
(On-budget),"1,708",934,"2,266","1,787","1,785","1,677","1,343",707,789,879,"1,209",716,650,517,436,490,511,511,161,130,130,122,126,86,29,100,268,683,76,60,568,104,"-8,254","-5,491","-1,282","-5,381",101,74,74,78,100,429,"-2,729","-2,446","-2,693","-2,434","-2,572"
(Off-budget),..........,..........,..........,..........,..........,..........,..........,..........,200,919,"1,430","1,788","2,294",941,"1,610","3,083","3,301","2,198","2,239","2,732","2,554","3,441","3,725","6,359","5,607","3,712","4,064","3,071","5,386","2,057","1,005","3,693","8,899","9,677","6,578","4,700",996,"2,255",..........,-3,..........,-143,277,282,288,294,299
373 Deposit insurance,..........,..........,..........,-10,..........,"1,200",15,36,..........,"1,081",200,"3,000","2,699","10,835","51,020","45,624","72,789","36,961","2,462","19,520",859,11,-25,-33,1,..........,-125,-4,-60,1,423,401,406,"1,222","23,449","-8,255","-6,600",51,183,1,2,"1,260","1,801","2,930","4,130","5,400","6,726"
376 Other advancement of commerce,"1,082",174,"1,403","1,643","1,758","2,495","2,187","1,837","1,955","2,078","2,496","1,958","2,045","2,411","2,745","3,946","2,926","3,412","3,615","3,465","3,535","3,471","4,083","9,376","7,916","10,617","6,194","7,874","9,731","12,000","12,721","9,896","11,612","14,402","225,560","-87,556","-43,664","38,104","1,834","8,269","20,298","16,190","25,041","20,927","20,653","24,229","17,195"
"Total, Commerce and Housing Credit","12,528","1,576","8,818","8,759","9,953","15,333","12,754","11,769","10,171","13,306","12,217","11,129","11,137","23,066","62,425","62,989","87,342","47,595","10,779","27,334","8,428","8,062","8,057","14,323","14,345","15,429","12,338","11,240","14,847","14,135","14,227","14,301","10,034","218,233","451,669","-118,992","-54,210","12,406","-36,505","-67,658","-2,192","3,162","2,130",384,"3,084","8,692","4,038"
(On-budget),"12,528","1,576","8,818","8,759","9,953","15,333","12,754","11,769","9,971","12,387","10,787","9,340","8,843","22,124","60,815","59,906","84,041","45,397","8,539","24,601","5,874","4,621","4,332","7,964","8,738","11,717","8,274","8,169","9,461","12,078","13,222","10,608","1,135","208,556","445,091","-123,692","-55,206","10,151","-36,505","-67,655","-2,192","3,305","1,853",102,"2,796","8,398","3,739"
(Off-budget),..........,..........,..........,..........,..........,..........,..........,..........,200,919,"1,430","1,788","2,294",941,"1,610","3,083","3,301","2,198","2,239","2,732","2,554","3,441","3,725","6,359","5,607","3,712","4,064","3,071","5,386","2,057","1,005","3,693","8,899","9,677","6,578","4,700",996,"2,255",..........,-3,..........,-143,277,282,288,294,299
400 Transportation:,,,,,,,,,,,,,,,,,,,,,,,,,,,,,,,,,,,,,,,,,,,,,,,
401 Ground transportation,"6,904","4,777","5,732","9,872","14,021","15,278","20,249","17,697","19,208","20,685","20,318","19,349","18,244","18,267","18,605","19,369","19,096","23,290","26,446","28,081","27,112","23,346","27,402","31,099","35,856","38,609","44,011","45,863","40,333","45,229","49,507","49,625","50,598","52,574","91,430","67,858","53,692","56,266","66,815","55,563","55,468","58,628","78,503","91,645","94,619","103,861","100,471"
402 Air transportation,"2,311","1,048","3,017","3,287","3,728","3,915","4,046","3,747","4,850","5,266","6,011","5,484","5,518","6,906","7,494","8,260","8,932","10,043","10,396","11,439","8,185","9,576","9,827","10,394","11,368","12,006","18,543","17,304","21,478","18,330","18,971","18,105","19,399","19,771","23,370","21,693","21,901","21,998","20,744","21,344","19,922","20,540","19,779","19,701","20,058","20,313","21,195"
403 Water transportation,"1,615",390,"1,675","1,854","2,057","2,192","2,552","2,931","2,912","3,244","3,105","3,915","3,120","2,861","3,112","3,168","3,122","3,320","3,287","3,604","3,684","3,379","3,499","3,637","4,139","4,527","4,560","5,444","6,624","7,200","7,384","7,608","8,315","8,788","9,793","10,142","10,527","9,958","9,886","9,729","9,614","10,754","10,045","10,247","10,484","10,731","10,991"
407 Other transportation,74,19,83,85,91,97,109,88,110,114,126,111,115,107,132,143,251,277,299,321,319,312,344,207,222,233,240,238,295,301,373,353,370,357,402,396,391,406,415,426,432,446,496,503,516,525,534
"Total, Transportation","10,905","6,234","10,507","15,098","19,897","21,483","26,957","24,464","27,080","29,309","29,559","28,859","26,996","28,141","29,342","30,940","31,401","36,929","40,428","43,445","39,300","36,613","41,072","45,337","51,585","55,375","67,354","68,849","68,730","71,060","76,235","75,691","78,682","81,490","124,995","100,089","86,511","88,628","97,860","87,062","85,436","90,368","108,823","122,096","125,677","135,430","133,191"
450 Community and Regional Development:,,,,,,,,,,,,,,,,,,,,,,,,,,,,,,,,,,,,,,,,,,,,,,,
451 Community development,"2,764",81,"3,689","4,403","4,775","4,972","4,783","4,328","5,398","4,818","4,262","3,725","3,818","3,546","3,061","4,060","3,694","3,788","4,848","5,461","5,193","5,083","5,187","5,492","5,486","5,395","6,553","8,066","5,718","5,780","5,724","21,641","4,722","18,502","8,289","6,121","5,888","4,652","19,543","4,271","4,212","4,525","4,492","4,268","4,351","4,438","4,526"
452 Area and regional development,"2,604",649,"9,235","3,524","4,082","4,331","4,373","3,644","4,104","3,824","3,660","2,684","2,620","5,080","3,512","4,033","4,061","3,284","2,919","3,219","3,301","2,767","2,920","2,575","2,705","2,836","3,314","3,458","2,956","2,535","2,636","2,474","2,390","3,119","8,061","3,156","2,760","3,149","2,343","2,972","2,876","2,616","13,040","3,058","3,128","3,218","3,251"
453 Disaster relief and insurance,335,60,684,"3,246","2,266","2,426",810,417,480,257,239,475,210,205,"1,308","1,725",-2,"5,218","2,383","6,910","4,501","4,688","5,458","2,557","3,097","3,028","4,658","11,497","8,025","9,821","76,135","6,985","10,529","19,890","7,599","11,937","6,607","10,703","29,180","9,289","10,364","11,155","12,067","5,625","5,998","6,323","6,485"
"Total, Community and Regional Development","5,703",790,"13,608","11,173","11,123","11,728","9,966","8,390","9,983","8,899","8,162","6,884","6,647","8,830","7,881","9,817","7,753","12,290","10,150","15,591","12,995","12,538","13,565","10,624","11,288","11,259","14,525","23,021","16,699","18,136","84,495","31,100","17,641","41,511","23,949","21,214","15,255","18,504","51,066","16,532","17,452","18,296","29,599","12,951","13,477","13,979","14,262"
"500 Education, Training, Employment, and Social Services:",,,,,,,,,,,,,,,,,,,,,,,,,,,,,,,,,,,,,,,,,,,,,,,
"501 Elementary, secondary, and vocational education","4,624","2,826","5,825","6,146","7,047","7,404","6,808","6,341","6,816","7,207","7,926","7,644","8,965","9,502","10,125","11,293","13,130","14,230","14,214","14,782","15,224","13,697","17,044","18,794","16,859","17,136","26,037","32,927","36,396","38,254","38,845","39,688","38,109","37,218","115,195","50,520","39,889","39,421","38,189","39,287","39,215","40,379","45,416","45,722","48,619","49,786","51,537"
502 Higher education,"3,828",185,"3,858","4,523","5,854","6,775","8,895","8,012","7,364","6,900","9,705","8,723","9,001","8,932","10,934","11,311","12,374","12,166","14,750","9,595","14,438","12,725","13,521","13,829","13,679","11,877","10,472","19,543","23,573","25,602","32,294","57,011","26,718","24,626","12,092","12,558","5,939","20,383","2,464","17,194","49,438","39,192","35,214","41,958","48,373","50,892","54,672"
503 Research and general education aids,748,339,"1,011","1,140","1,249","1,170","1,225","1,173","1,259","1,244","1,337","1,289","1,413","1,470","1,547","1,628","1,916","2,083","2,132","2,188","2,281","2,118","2,350","2,244","2,602","2,645","3,106","2,852","2,962","3,085","3,213","3,178","3,164","3,342","3,899","3,812","3,567","3,511","3,349","3,447","3,486","3,629","3,908","3,983","4,054","4,069","4,142"
504 Training and employment,"7,264",839,"13,969","4,802","11,739","9,623","9,109","4,386","5,515","8,688","5,422","4,875","5,226","5,327","5,392","6,093","6,771","7,252","7,347","7,981","7,093","6,911","7,620","8,382","8,732","4,862","7,797","7,623","7,385","7,255","7,432","7,210","7,320","7,310","11,840","8,528","7,307","8,110","7,331","7,369","6,900","7,355","20,203","7,815","7,925","8,037","8,109"
505 Other labor services,329,82,383,440,522,572,606,600,640,685,716,679,730,778,802,817,808,894,933,957,993,957,"1,007","1,041","1,128","1,242","1,441","1,531","1,587","1,610","1,634","1,636","1,650","1,534","1,749","1,872","1,896","1,918","1,813","1,856","1,887","1,910","2,111","2,148","2,193","2,234","2,278"
506 Social services,"5,221","1,207","5,446","5,561","6,684","6,143","5,693","5,581","6,009","6,228","6,492","6,322","6,849","8,224","8,396","8,349","9,143","9,420","10,457","13,147","11,985","11,269","12,073","12,387","12,491","11,715","14,656","15,406","15,749","16,210","16,560","17,079","16,675","17,314","22,780","17,865","17,941","18,310","18,024","18,644","18,691","19,525","20,983","21,338","21,715","22,105","22,508"
"Total, Education, Training, Employment, and Social Services","22,013","5,480","30,493","22,613","33,095","31,689","32,336","26,093","27,602","30,952","31,597","29,533","32,183","34,233","37,195","39,491","44,141","46,045","49,834","48,651","52,014","47,677","53,615","56,677","55,491","49,477","63,509","79,882","87,652","92,016","99,978","125,802","93,636","91,344","167,555","95,155","76,539","91,653","71,170","87,797","119,617","111,990","127,835","122,964","132,879","137,123","143,246"
550 Health:,,,,,,,,,,,,,,,,,,,,,,,,,,,,,,,,,,,,,,,,,,,,,,,
551 Health care services,"11,395","2,794","13,403","14,225","17,028","18,480","21,520","22,097","19,228","25,240","26,454","29,416","32,880","36,749","42,011","50,425","63,879","80,086","95,637","102,938","103,099","95,446","114,741","118,709","123,638","140,537","157,657","178,787","200,807","219,528","219,113","262,668","210,534","251,630","327,095","369,259","322,458","324,586","303,786","379,795","458,947","485,606","528,153","564,660","601,993","639,785","663,246"
552 Health research and training,"3,111",601,"3,502","3,857","4,200","4,565","4,422","4,338","4,743","5,233","5,950","6,057","7,187","7,565","8,277","8,972","9,863","10,693","11,148","11,599","11,887","12,434","13,392","14,270","16,305","18,563","21,488","24,377","28,052","28,932","29,562","29,343","30,174","30,199","42,496","32,268","32,797","32,655","31,116","32,020","32,503","34,336","35,167","36,075","36,670","36,837","37,404"
554 Consumer and occupational health and safety,684,181,773,864,949,"1,000","1,082","1,044","1,083","1,156","1,196","1,157","1,250","1,313","1,397","1,503","1,646","1,764","1,817","1,935","1,981","1,976","2,040","2,112","2,230","2,370","2,531","2,866","2,793","2,941","3,071","3,154","3,520","3,435","4,025","4,685","4,468","4,656","4,072","4,767","4,620","4,826","4,997","5,020","5,120","5,222","5,326"
"Total, Health","15,190","3,576","17,678","18,945","22,177","24,045","27,024","27,479","25,053","31,629","33,600","36,631","41,317","45,627","51,684","60,901","75,387","92,543","108,602","116,472","116,967","109,856","130,173","135,091","142,173","161,470","181,676","206,030","231,652","251,401","251,746","295,165","244,228","285,264","373,616","406,212","359,723","361,897","338,974","416,582","496,070","524,768","568,317","605,755","643,783","681,844","705,976"
570 Medicare:,,,,,,,,,,,,,,,,,,,,,,,,,,,,,,,,,,,,,,,,,,,,,,,
571 Medicare,"15,785","4,280","19,416","22,826","26,657","32,237","39,148","46,562","52,591","57,835","65,579","71,202","75,105","78,806","85,395","105,882","103,208","133,598","124,757","162,677","156,540","179,652","189,999","193,667","190,625","200,588","217,096","234,428","249,947","271,656","303,410","365,371","385,008","406,561","436,987","452,618","502,275","484,282","507,813","527,580","547,592","601,577","605,380","607,915","663,414","702,886","751,141"
600 Income Security:,,,,,,,,,,,,,,,,,,,,,,,,,,,,,,,,,,,,,,,,,,,,,,,
601 General retirement and disability insurance (excluding social security),"3,534","1,165","3,717","3,723","5,326","5,446","5,557","5,537","5,520","5,334","5,473","5,711","5,373","5,681","5,760","5,672","5,911","5,989","5,678","6,244","5,540","6,185","5,950","5,841","2,573","6,128","6,869","6,738","6,449","6,480","5,303","7,229","7,418","7,545","14,583","7,921","7,988","8,061","8,521","8,612","8,816","9,231","9,826","9,622","9,833","10,029","10,375"
602 Federal employee retirement and disability,"16,092","4,317","18,349","20,577","23,215","27,340","32,007","35,146","37,578","38,898","40,881","42,865","44,545","47,936","50,667","53,631","57,150","58,351","61,675","64,062","67,309","69,754","72,743","75,233","76,783","79,010","82,531","85,180","86,830","90,556","95,116","100,764","106,092","110,902","119,515","122,102","122,868","128,418","133,610","136,821","140,226","141,691","144,777","149,124","153,970","159,050","164,138"
603 Unemployment compensation,"15,006","2,907","16,036","10,749","10,848","17,927","19,748","25,153","30,576","20,669","16,372","17,030","16,980","15,217","15,761","18,960","27,179","39,534","38,164","28,696","23,750","24,964","22,968","22,130","23,725","23,023","32,694","53,551","57,464","45,596","35,150","33,791","35,298","45,630","127,635","166,191","119,282","93,602","70,817","44,194","34,853","35,152","37,662","40,979","42,229","44,623","46,310"
604 Housing assistance,"19,421",111,"28,632","32,305","24,789","27,941","26,934","14,612","10,502","12,675","26,882","11,646","9,868","9,700","9,570","11,263","19,779","19,790","21,245","21,214","15,436","16,545","11,877","17,643","20,593","18,351","25,357","27,192","28,986","29,804","30,120","31,489","34,008","35,295","106,393","53,778","44,166","40,128","39,503","42,842","42,801","44,654","46,734","47,854","48,967","50,038","51,110"
605 Food and nutrition assistance,"7,737","1,966","8,875","9,017","10,566","13,775","16,576","15,785","18,204","18,285","18,712","18,853","19,618","20,700","21,432","25,223","29,605","33,624","39,181","40,085","40,818","40,434","41,019","37,840","35,552","35,925","35,030","38,880","43,349","48,582","53,428","60,249","58,382","60,791","83,561","95,415","105,049","115,139","112,049","115,485","111,319","110,965","112,979","114,548","115,532","114,333","114,508"
609 Other income security,"12,434","3,217","13,515","13,027","13,592","17,915","20,206","18,259","21,561","22,274","23,269","24,931","26,147","29,263","31,128","32,523","41,547","46,232","52,078","60,732","66,224","68,604","77,522","77,370","84,417","87,324","91,025","98,367","106,602","113,350","129,923","117,572","126,828","166,009","158,884","178,635","184,319","163,512","169,129","178,034","177,621","184,189","198,004","195,773","205,978","211,460","218,179"
"Total, Income Security","74,224","13,684","89,124","89,398","88,335","110,344","121,028","114,492","123,941","118,134","131,589","121,037","122,531","128,498","134,318","147,273","181,172","203,521","218,023","221,033","219,077","226,486","232,079","236,057","243,643","249,761","273,506","309,908","329,680","334,368","349,040","351,094","368,026","426,172","610,571","624,042","583,672","548,860","533,629","525,988","515,636","525,882","549,982","557,900","576,509","589,533","604,620"
650 Social Security:,,,,,,,,,,,,,,,,,,,,,,,,,,,,,,,,,,,,,,,,,,,,,,,
651 Social security,"74,535","20,019","85,626","94,453","104,994","119,955","141,076","157,081","171,737","178,793","193,176","196,642","208,392","221,137","233,501","250,641","271,253","289,532","306,337","321,138","333,287","352,131","366,050","380,464","391,098","412,032","440,370","461,930","476,571","496,047","531,657","552,225","588,962","619,667","689,801","706,829","731,730","777,604","816,453","854,238","892,006","932,919","976,474","1,036,151","1,100,587","1,168,369","1,234,923"
(On-budget),515,..........,717,741,761,677,672,844,"20,753","7,083","8,527","4,861","4,930","4,852","5,069","3,766","2,722","6,167","6,248","5,687","5,479","5,816","6,895","9,142","10,830","13,262","11,700","13,978","13,291","14,348","16,527","16,066","19,335","17,841","35,002","22,921","101,909","140,363","55,865","25,819","30,939","32,732","39,470","42,942","46,761","50,747","54,735"
(Off-budget),"74,019","20,019","84,909","93,712","104,233","119,278","140,404","156,238","150,984","171,710","184,648","191,782","203,461","216,285","228,432","246,875","268,531","283,365","300,089","315,450","327,808","346,315","359,155","371,322","380,268","398,770","428,670","447,952","463,280","481,699","515,130","536,159","569,627","601,826","654,799","683,908","629,821","637,241","760,588","828,419","861,067","900,187","937,004","993,209","1,053,826","1,117,622","1,180,188"
700 Veterans Benefits and Services:,,,,,,,,,,,,,,,,,,,,,,,,,,,,,,,,,,,,,,,,,,,,,,,
701 Income security for veterans,"8,704","2,154","9,467","10,146","11,224","11,783","13,222","14,522","14,229","14,896","15,104","15,378","15,408","15,865","16,403","16,680","17,509","17,433","18,146","18,622","18,851","19,730","20,688","21,544","22,965","22,677","24,469","27,153","30,053","30,925","33,464","34,992","39,684","42,305","44,747","62,282","55,019","52,256","62,524","72,424","79,966","77,733","86,900","90,688","97,698","103,734","109,748"
"702 Veterans education, training, and rehabilitation","5,981","1,153","3,956","2,607","2,474","2,342","2,323","1,934","1,640","1,556","1,036",575,362,366,303,219,790,563,638,991,"1,047",972,"1,135","1,125",938,"1,255","1,608","1,938","2,040","2,412","2,653","2,997","2,523","2,824","3,766","8,593","10,396","12,195","11,274","13,310","15,147","14,436","16,515","13,819","17,134","17,926","18,763"
703 Hospital and medical care for veterans,"4,436","1,092","5,074","5,638","6,112","6,409","6,919","7,802","8,816","9,078","10,005","9,964","10,481","10,836","11,523","12,168","13,194","14,256","15,235","16,187","16,555","16,812","17,375","17,959","18,032","19,584","20,931","22,327","24,754","27,453","30,400","31,242","35,038","39,056","43,683","47,057","50,343","52,553","54,629","71,191","57,719","63,649","66,786","69,976","70,713","72,123","73,568"
704 Veterans housing,15,3,14,14,23,19,16,17,-63,214,322,214,114,"1,497",792,561,744,831,"1,196",203,628,226,-276,"1,161","1,107",796,-901,-878,520,"-1,944",892,"-1,218",-886,-414,-556,570,"1,285","1,414","1,336","2,145",745,623,681,389,460,507,540
705 Other veterans benefits and services,528,125,542,618,649,641,671,687,721,738,779,744,803,798,842,872,983,994,963,980,"1,050",994,984,963,"1,058","1,108","1,406","1,500","1,666","1,601","1,792","2,958","3,194","4,540","5,308","5,942","6,081","6,106","6,789","7,162","7,392","7,950","8,334","8,520","8,690","8,864","9,043"
"Total, Veterans Benefits and Services","19,664","4,527","19,053","19,023","20,481","21,194","23,150","24,963","25,341","26,483","27,246","26,875","27,169","29,362","29,863","30,499","33,221","34,076","36,178","36,983","38,131","38,734","39,906","42,752","44,100","45,420","47,513","52,040","59,033","60,447","69,201","70,971","79,553","88,311","96,948","124,444","123,124","124,524","136,552","166,232","160,969","164,391","179,216","183,392","194,695","203,154","211,662"
750 Administration of Justice:,,,,,,,,,,,,,,,,,,,,,,,,,,,,,,,,,,,,,,,,,,,,,,,
751 Federal law enforcement activities,"1,668",438,"1,789","2,008","2,189","2,342","2,561","2,801","3,212","3,590","3,879","3,897","4,908","5,319","4,965","5,398","6,169","6,919","6,989","7,021","7,785","8,286","9,748","11,206","11,895","12,161","13,763","17,219","18,108","19,725","20,561","21,826","24,716","27,786","29,257","30,436","28,380","27,734","27,217","27,824","34,126","26,580","31,468","31,883","32,470","33,055","33,649"
752 Federal litigative and judicial activities,726,187,863,"1,029","1,190","1,370","1,484","1,530","1,702","1,905","2,204","2,190","2,680","2,926","3,288","3,827","4,614","5,130","5,486","5,884","6,099","6,060","6,528","6,772","7,445","7,844","8,493","9,280","9,979","10,366","11,087","12,076","12,891","12,972","14,239","14,913","15,065","17,677","14,930","17,769","14,405","14,827","16,170","16,158","16,462","16,771","17,083"
753 Federal correctional activities,208,55,297,308,339,320,352,423,468,495,599,595,867,"1,059","1,553","2,578","1,728","2,101","1,937","2,222","2,557","2,881","3,183","3,097","3,299","3,667","4,303","4,614","4,441","4,768","4,776","4,931","5,444","5,660","6,177","6,205","6,381","6,597","6,525","6,859","6,915","7,479","7,299","7,444","7,593","7,745","7,899"
754 Criminal justice assistance,810,205,758,654,656,498,169,140,137,215,220,265,502,316,424,774,853,872,"1,006",905,"2,638","4,198","4,796","5,354","5,423","3,752","5,351","5,943","7,076","10,814","4,150","3,836","3,973","3,516","7,863","4,601","3,753","3,319","2,987","3,231","4,937","8,016","4,857","5,405","5,451","5,493","5,541"
"Total, Administration of Justice","3,411",884,"3,706","3,999","4,374","4,530","4,566","4,894","5,518","6,205","6,902","6,946","8,957","9,620","10,230","12,577","13,364","15,021","15,419","16,031","19,079","21,425","24,255","26,429","28,062","27,424","31,910","37,056","39,604","45,673","40,574","42,669","47,024","49,934","57,536","56,155","53,579","55,327","51,659","55,683","60,383","56,902","59,794","60,890","61,976","63,064","64,172"
800 General Government:,,,,,,,,,,,,,,,,,,,,,,,,,,,,,,,,,,,,,,,,,,,,,,,
801 Legislative functions,780,188,878,913,932,"1,111","1,036","1,175","1,418","1,443","1,358","1,412","1,572","1,602","1,785","1,811","2,021","2,137","2,108","2,106","2,172","1,926","2,006","2,073","2,345","2,240","2,725","2,927","3,149","3,173","3,280","3,438","3,548","3,639","4,102","4,237","4,108","3,953","3,699","3,878","3,905","3,979","4,293","4,376","4,463","4,550","4,640"
802 Executive direction and management,71,18,83,79,84,102,108,95,103,111,118,110,120,128,137,296,188,212,254,210,199,206,227,437,491,448,583,565,537,569,620,530,533,508,559,590,530,489,471,498,511,523,531,532,543,554,565
803 Central fiscal operations,"1,768",462,"1,912","2,118","2,375","2,667","2,809","2,928","3,395","3,621","3,854","4,032","4,761","5,159","6,021","6,032","6,288","7,037","7,295","7,707","7,751","7,640","7,426","10,873","9,739","8,466","9,330","9,827","11,692","9,903","10,171","10,675","10,651","11,438","12,400","12,697","12,583","12,430","11,771","12,118","11,868","12,332","15,082","13,884","14,494","15,120","15,755"
804 General property and records management,316,58,350,181,344,293,409,251,450,303,400,418,225,63,422,"2,249","2,024",432,681,719,270,275,578,34,528,-70,501,530,913,810,625,"1,097",486,701,"6,518",698,-612,-471,-871,"2,355",-75,941,561,583,595,608,617
805 Central personnel management,99,25,109,126,133,145,162,141,142,148,149,136,141,145,151,161,171,179,186,185,177,154,150,149,154,161,170,180,212,207,237,210,203,195,188,203,198,199,194,204,205,234,265,272,276,282,286
806 General purpose fiscal assistance,"9,751","3,470","9,342","10,454","8,282","8,664","6,249","6,389","6,361","6,795","6,322","5,847","1,369","1,963","2,043","2,033","2,138","1,893","1,919","2,213","1,908","2,073","2,192","2,192","2,033","2,058","2,473","2,555","7,676","7,702","3,419","3,930","3,847","4,050","4,100","5,224","7,657","7,908","7,807","7,769","7,124","6,699","7,398","7,904","9,405","11,022","12,704"
808 Other general government,470,177,531,618,493,592,763,542,793,489,561,757,981,"1,803",812,719,"1,451","1,694","1,472",924,"1,685",837,"1,412",980,"2,294","2,105","2,077","2,153","2,774","2,495","1,357","1,141","1,699","1,463","3,354","1,717","2,839","4,043","5,613","4,268","2,995","1,970","5,137","1,829","1,837","1,849","1,863"
809 Deductions for offsetting receipts,-322,-150,-256,-289,-198,-351,-222,-216,-636,-513,-506,-78,-623,-694,-893,-361,-718,-480,-739,"-2,087","-1,077","-1,694","-1,497",-855,-884,"-2,383","-1,754",-812,"-1,745","-1,068","-2,841","-1,359","-2,346",-462,"-1,012","-1,721","-1,479","-2,006","-2,692",127,"-4,782","-1,253","-1,275","-1,299","-1,284","-1,292","-1,302"
"Total, General Government","12,932","4,248","12,948","14,200","12,445","13,226","11,313","11,305","12,026","12,399","12,258","12,634","8,546","10,170","10,479","12,940","13,563","13,102","13,177","11,977","13,085","11,417","12,494","15,883","16,700","13,025","16,105","17,925","25,208","23,791","16,868","19,662","18,621","21,532","30,209","23,645","25,824","26,545","25,992","31,217","21,751","25,425","31,992","28,081","30,329","32,693","35,128"
900 Net Interest:,,,,,,,,,,,,,,,,,,,,,,,,,,,,,,,,,,,,,,,,,,,,,,,
901 Interest on Treasury debt securities (gross),"37,076","8,104","41,915","48,712","59,855","74,803","95,535","117,227","128,653","153,866","178,871","190,272","195,242","214,047","240,845","264,691","285,421","292,294","292,479","296,253","332,379","343,918","355,764","363,759","353,463","361,925","359,476","332,537","318,141","321,679","352,345","405,866","429,966","451,143","383,073","413,934","453,987","359,219","415,651","429,538","402,429","447,293","511,659","576,849","662,110","731,614","793,768"
902 Interest received by on-budget trust funds,"-4,988",-177,"-5,488","-6,128","-7,727","-9,707","-11,523","-13,995","-15,257","-17,044","-21,838","-26,628","-29,614","-34,406","-40,467","-46,321","-50,426","-54,193","-55,537","-56,494","-59,871","-60,869","-63,776","-67,208","-66,520","-69,290","-75,302","-76,494","-72,523","-67,761","-69,153","-71,574","-71,964","-77,821","-63,600","-67,268","-72,030","-14,753","-51,015","-57,848","-45,823","-60,841","-59,015","-56,122","-61,735","-66,142","-73,309"
903 Interest received by off-budget trust funds,"-2,812",-93,"-2,650","-2,403","-2,224","-2,339","-2,288","-2,071","-1,845","-3,310","-4,118","-4,329","-5,290","-7,416","-11,395","-15,991","-20,222","-23,637","-26,788","-29,203","-33,305","-36,507","-41,214","-46,629","-52,070","-59,796","-68,811","-76,819","-83,544","-86,228","-91,836","-97,722","-106,003","-113,718","-117,954","-118,502","-115,981","-112,393","-105,650","-100,266","-95,968","-90,654","-88,329","-85,696","-86,284","-82,822","-80,646"
908 Other interest,"-2,547",-887,"-3,875","-4,723","-7,273","-10,220","-12,958","-16,130","-21,742","-22,410","-23,437","-23,285","-21,732","-20,426","-19,857","-17,542","-20,757","-15,084","-11,431","-7,618","-7,055","-5,488","-6,788","-8,799","-5,115","-9,886","-9,197","-8,277","-6,464","-4,541","-3,957","-7,306","-10,102","-12,902","-14,964","-29,540","-35,363","-8,615","-35,043","-39,888","-37,766","-54,169","-60,836","-49,551","-53,671","-58,737","-64,759"
(On-budget),"-2,547",-887,"-3,875","-4,723","-7,273","-10,220","-12,958","-16,130","-21,742","-22,410","-23,437","-23,285","-21,732","-20,426","-19,857","-17,542","-20,757","-15,084","-11,431","-7,618","-7,055","-5,488","-6,788","-8,798","-5,114","-9,886","-9,197","-8,276","-6,463","-4,541","-3,957","-7,306","-10,102","-12,902","-14,964","-29,540","-35,363","-8,615","-35,043","-39,888","-37,766","-54,169","-60,836","-49,551","-53,671","-58,737","-64,759"
(Off-budget),..........,..........,..........,..........,..........,..........,..........,..........,..........,..........,..........,..........,..........,..........,..........,..........,..........,..........,..........,..........,..........,..........,..........,-1,-1,..........,..........,-1,-1,..........,..........,..........,..........,..........,..........,..........,..........,..........,..........,..........,..........,..........,..........,..........,..........,..........,..........
909 Other investment income,..........,..........,..........,..........,..........,..........,..........,..........,..........,..........,..........,..........,..........,..........,..........,..........,..........,..........,..........,..........,..........,..........,..........,-1,-1,-2,-2,..........,"-2,460","-2,972","-3,425","-2,661","-4,759","6,027",349,"-2,431",-142,"-3,537","-3,048","-2,568",324,"-1,626",-782,-861,-889,-897,-880
"Total, Net Interest","26,729","6,948","29,901","35,459","42,630","52,538","68,767","85,032","89,808","111,102","129,479","136,030","138,606","151,799","169,127","184,837","194,016","199,380","198,724","202,937","232,148","241,054","243,986","241,122","229,757","222,951","206,164","170,947","153,150","160,177","183,974","226,603","237,138","252,729","186,904","196,193","230,471","219,921","220,895","228,968","223,196","240,003","302,697","384,619","459,531","523,016","574,174"
(On-budget),"29,541","7,040","32,551","37,861","44,855","54,877","71,055","87,102","91,653","114,412","133,597","140,359","143,897","159,215","180,522","200,828","214,238","223,017","225,512","232,141","265,453","277,561","285,200","287,752","281,828","282,747","274,975","247,767","236,695","246,405","275,810","324,325","343,141","366,447","304,858","314,695","346,452","332,314","326,545","329,234","319,164","330,657","391,026","470,315","545,815","605,838","654,820"
(Off-budget),"-2,812",-93,"-2,650","-2,403","-2,224","-2,339","-2,288","-2,071","-1,845","-3,310","-4,118","-4,329","-5,290","-7,416","-11,395","-15,991","-20,222","-23,637","-26,788","-29,203","-33,305","-36,507","-41,214","-46,630","-52,071","-59,796","-68,811","-76,820","-83,545","-86,228","-91,836","-97,722","-106,003","-113,718","-117,954","-118,502","-115,981","-112,393","-105,650","-100,266","-95,968","-90,654","-88,329","-85,696","-86,284","-82,822","-80,646"
920 Allowances:,,,,,,,,,,,,,,,,,,,,,,,,,,,,,,,,,,,,,,,,,,,,,,,
923 Immigration Reform,..........,..........,..........,..........,..........,..........,..........,..........,..........,..........,..........,..........,..........,..........,..........,..........,..........,..........,..........,..........,..........,..........,..........,..........,..........,..........,..........,..........,..........,..........,..........,..........,..........,..........,..........,..........,..........,..........,..........,..........,..........,..........,"5,000","10,000","15,000","20,000","20,000"
924 Adjustment for Budget Control Act Caps (Non-Security),..........,..........,..........,..........,..........,..........,..........,..........,..........,..........,..........,..........,..........,..........,..........,..........,..........,..........,..........,..........,..........,..........,..........,..........,..........,..........,..........,..........,..........,..........,..........,..........,..........,..........,..........,..........,..........,..........,..........,..........,..........,..........,..........,"-12,629","-15,846","-27,244","-19,516"
925 Future Disaster Costs,..........,..........,..........,..........,..........,..........,..........,..........,..........,..........,..........,..........,..........,..........,..........,..........,..........,..........,..........,..........,..........,..........,..........,..........,..........,..........,..........,..........,..........,..........,..........,..........,..........,..........,..........,..........,..........,..........,..........,..........,..........,"7,500","10,000","10,000","10,000","10,000","10,000"
929 Placeholder for Outyear OCO Costs,..........,..........,..........,..........,..........,..........,..........,..........,..........,..........,..........,..........,..........,..........,..........,..........,..........,..........,..........,..........,..........,..........,..........,..........,..........,..........,..........,..........,..........,..........,..........,..........,..........,..........,..........,..........,..........,..........,..........,..........,..........,..........,..........,"10,988","10,987","10,987","10,987"
"Total, Allowances",..........,..........,..........,..........,..........,..........,..........,..........,..........,..........,..........,..........,..........,..........,..........,..........,..........,..........,..........,..........,..........,..........,..........,..........,..........,..........,..........,..........,..........,..........,..........,..........,..........,..........,..........,..........,..........,..........,..........,..........,..........,"7,500","15,000","18,359","20,141","13,743","21,471"
950 Undistributed Offsetting Receipts:,,,,,,,,,,,,,,,,,,,,,,,,,,,,,,,,,,,,,,,,,,,,,,,
"951 Employer share, employee retirement (on-budget)","-10,761","-2,646","-11,528","-12,401","-13,095","-14,638","-16,473","-18,203","-21,706","-23,219","-24,648","-25,434","-27,259","-29,037","-29,425","-28,044","-30,402","-30,680","-28,186","-28,361","-27,961","-27,259","-27,773","-27,820","-28,209","-30,214","-30,883","-33,489","-39,751","-42,100","-47,977","-49,231","-49,476","-53,033","-56,431","-62,100","-64,581","-68,347","-65,155","-63,612","-65,112","-67,500","-70,948","-71,323","-73,226","-74,897","-76,441"
"952 Employer share, employee retirement (off-budget)",-963,-249,-977,"-1,060","-1,114","-1,204","-1,430","-1,646","-1,778","-2,044","-2,509","-2,857","-3,300","-4,382","-4,858","-5,567","-5,804","-6,101","-6,416","-6,409","-6,432","-6,278","-6,483","-7,052","-7,385","-7,637","-7,910","-8,878","-9,602","-11,331","-10,941","-11,625","-12,299","-13,145","-14,226","-14,936","-15,099","-15,592","-16,168","-15,737","-16,008","-16,905","-17,345","-18,009","-18,817","-19,542","-20,309"
953 Rents and royalties on the Outer Continental Shelf,"-2,662","-1,311","-2,374","-2,259","-3,267","-4,101","-10,138","-6,250","-10,491","-6,694","-5,542","-4,716","-4,021","-3,548","-2,929","-3,004","-3,150","-2,498","-2,785","-3,001","-2,418","-3,741","-4,711","-4,522","-3,098","-4,580","-7,194","-5,024","-5,029","-5,106","-6,146","-7,283","-6,763","-18,285","-5,292","-4,883","-6,383","-6,605","-8,874","-7,474","-4,555","-3,826","-4,495","-5,139","-5,874","-6,203","-6,350"
954 Sale of major assets,..........,..........,..........,..........,..........,..........,..........,..........,..........,..........,..........,..........,"-1,875",..........,..........,..........,..........,..........,..........,..........,..........,..........,..........,"-5,158",..........,..........,..........,..........,..........,..........,..........,..........,..........,..........,..........,..........,"-2,404","-12,992","-2,588",..........,..........,..........,..........,..........,..........,..........,..........
959 Other undistributed offsetting receipts,..........,..........,..........,..........,..........,..........,..........,..........,..........,..........,..........,..........,..........,..........,..........,..........,..........,..........,..........,..........,"-7,644",-342,"-11,006","-2,642","-1,753",-150,"-1,024",-1,..........,..........,-160,-111,"-13,700","-1,779","-16,690",-197,..........,..........,..........,"-1,221","-30,128","-12,925","-15,700","-8,050",-575,"-1,115",-965
"Total, Undistributed Offsetting Receipts","-14,386","-4,206","-14,879","-15,720","-17,476","-19,942","-28,041","-26,099","-33,976","-31,957","-32,698","-33,007","-36,455","-36,967","-37,212","-36,615","-39,356","-39,280","-37,386","-37,772","-44,455","-37,620","-49,973","-47,194","-40,445","-42,581","-47,011","-47,392","-54,382","-58,537","-65,224","-68,250","-82,238","-86,242","-92,639","-82,116","-88,467","-103,536","-92,785","-88,044","-115,803","-101,156","-108,488","-102,521","-98,492","-101,757","-104,065"
(On-budget),"-13,423","-3,957","-13,902","-14,660","-16,362","-18,738","-26,611","-24,453","-32,198","-29,913","-30,189","-30,150","-33,155","-32,585","-32,354","-31,048","-33,553","-33,179","-30,970","-31,362","-38,023","-31,342","-43,490","-40,142","-33,060","-34,944","-39,101","-38,514","-44,780","-47,206","-54,283","-56,625","-69,939","-73,097","-78,413","-67,180","-73,368","-87,944","-76,617","-72,307","-99,795","-84,251","-91,143","-84,512","-79,675","-82,215","-83,756"
(Off-budget),-963,-249,-977,"-1,060","-1,114","-1,204","-1,430","-1,646","-1,778","-2,044","-2,509","-2,857","-3,300","-4,382","-4,858","-5,567","-5,804","-6,101","-6,416","-6,409","-6,432","-6,278","-6,483","-7,052","-7,385","-7,637","-7,910","-8,878","-9,602","-11,331","-10,941","-11,625","-12,299","-13,145","-14,226","-14,936","-15,099","-15,592","-16,168","-15,737","-16,008","-16,905","-17,345","-18,009","-18,817","-19,542","-20,309"
Total budget authority,"420,870","96,610","468,450","504,565","558,829","670,062","740,300","806,522","869,841","923,384","1,028,252","1,013,934","1,033,008","1,091,310","1,195,894","1,286,164","1,386,065","1,467,388","1,474,333","1,529,205","1,539,653","1,580,911","1,642,778","1,692,152","1,776,660","1,824,870","1,958,871","2,090,012","2,266,057","2,408,175","2,582,641","2,780,398","2,863,068","3,326,275","4,077,475","3,484,600","3,509,881","3,576,168","3,478,366","3,619,008","3,772,713","3,990,913","4,234,877","4,374,189","4,674,166","4,933,090","5,178,555"
(On-budget),"350,626","76,933","387,168","414,316","457,934","554,327","603,614","654,001","722,279","756,109","848,801","827,551","835,843","885,881","982,104","1,057,765","1,140,259","1,211,564","1,205,208","1,246,635","1,249,028","1,273,940","1,327,595","1,368,153","1,450,241","1,489,821","1,602,858","1,724,687","1,890,538","2,021,978","2,169,283","2,349,893","2,402,844","2,841,635","3,548,278","2,929,430","3,010,144","3,064,657","2,839,596","2,906,595","3,023,622","3,198,428","3,403,270","3,484,403","3,725,153","3,917,538","4,099,023"
(Off-budget),"70,244","19,677","81,282","90,250","100,895","115,735","136,686","152,521","147,562","167,275","179,452","186,384","197,165","205,429","213,790","228,399","245,806","255,824","269,125","282,570","290,625","306,971","315,183","323,999","326,419","335,049","356,013","365,325","375,519","386,197","413,358","430,505","460,224","484,640","529,197","555,170","499,737","511,511","638,770","712,413","749,091","792,485","831,607","889,786","949,013","1,015,552","1,079,532"
N/A = Not available.,,,,,,,,,,,,,,,,,,,,,,,,,,,,,,,,,,,,,,,,,,,,,,,
On-budget unless otherwise stated.,,,,,,,,,,,,,,,,,,,,,,,,,,,,,,,,,,,,,,,,,,,,,,,